code,name,avg_amplitude,adx_ratio,max_rise_6m,ann_volatility,total_score
2008,大族激光,5.93,100.0,303.52,58.19,1.0
2353,杰瑞股份,6.0,100.0,156.67,55.25,1.0
300319,麦捷科技,4.74,100.0,195.21,52.11,1.0
300398,飞凯材料,5.29,100.0,118.12,54.54,1.0
300400,劲拓股份,5.56,100.0,148.34,55.88,1.0
300433,蓝思科技,5.18,100.0,117.68,58.49,1.0
300553,集智股份,5.26,100.0,133.32,56.12,1.0
300656,民德电子,5.81,100.0,101.15,54.07,1.0
300679,电连技术,4.96,100.0,121.92,50.93,1.0
301053,远信工业,5.5,100.0,110.87,50.88,1.0
301566,达利凯普,5.58,100.0,113.57,55.52,1.0
301568,思泰克,4.92,100.0,166.19,53.57,1.0
600230,沧州大化,5.6,100.0,104.16,54.51,1.0
600549,厦门钨业,6.26,100.0,137.74,57.73,1.0
603608,天创时尚,6.6,100.0,288.75,57.03,1.0
603663,三祥新材,5.21,100.0,186.4,54.95,1.0
603931,格林达,4.86,100.0,152.89,51.41,1.0
605198,安德利,4.73,100.0,140.44,53.19,1.0
605358,立昂微,5.42,100.0,128.26,54.69,1.0
688127,蓝特光学,5.79,100.0,182.98,51.94,1.0
688231,DR隆达股,5.83,100.0,112.35,56.84,1.0
688625,呈和科技,7.02,100.0,244.42,56.66,1.0
688017,绿的谐波,6.38,100.0,177.83,60.74,0.9981
300522,世名科技,4.21,99.2,117.45,54.15,0.9976
301349,信德新材,5.2,99.2,114.45,52.37,0.9976
2718,友邦吊顶,6.22,99.2,319.43,60.08,0.9974
688082,盛美上海,5.21,100.0,186.11,61.98,0.995
2436,兴森科技,5.67,98.3,177.89,59.35,0.9949
2903,宇环数控,5.55,98.3,156.99,54.21,0.9949
301322,绿通科技,4.85,98.3,120.69,54.4,0.9949
688403,汇成股份,6.79,100.0,119.42,62.84,0.9929
2192,融捷股份,5.83,97.5,121.92,56.87,0.9925
300668,杰恩股份,7.44,97.5,239.92,58.94,0.9925
300837,浙矿股份,5.59,97.5,102.73,57.74,0.9925
603308,应流股份,5.71,97.5,105.5,57.46,0.9925
300221,银禧科技,4.9,100.0,96.98,52.54,0.9924
300666,江丰电子,6.45,100.0,250.17,63.08,0.9923
605376,博迁新材,6.34,100.0,305.09,63.29,0.9918
2015,协鑫能科,5.92,99.2,144.85,62.45,0.9915
688003,天准科技,6.3,98.3,131.35,61.37,0.9915
811,冰轮环境,5.47,96.7,185.52,59.27,0.9901
2202,金风科技,5.42,96.7,116.85,57.71,0.9901
2421,达实智能,4.67,96.7,133.88,53.12,0.9901
300939,秋田微,5.31,96.7,131.27,53.65,0.9901
301502,华阳智能,4.77,96.7,122.5,50.23,0.9901
600176,中国巨石,5.61,96.7,288.98,52.05,0.9901
603150,万朗磁塑,5.65,96.7,110.37,50.11,0.9901
603876,鼎胜新材,6.1,96.7,155.49,51.36,0.9901
688150,莱特光电,6.73,96.7,181.64,55.2,0.9901
688378,奥来德,5.49,96.7,116.85,52.46,0.9901
688667,菱电电控,6.1,96.7,181.47,56.22,0.9901
600481,双良节能,5.54,96.7,102.17,60.03,0.99
688295,中复神鹰,6.05,97.5,147.77,61.27,0.9893
301317,鑫磊股份,7.14,100.0,155.93,64.66,0.9883
688456,有研粉材,6.2,99.2,220.91,63.7,0.9883
603186,华正新材,7.18,100.0,504.98,64.81,0.988
600227,赤天化,5.83,95.8,122.27,57.62,0.9874
688786,悦安新材,5.63,95.8,118.36,57.28,0.9874
2413,雷科防务,5.46,98.3,133.53,63.19,0.9869
300912,凯龙高科,5.17,100.0,177.42,65.25,0.9869
2348,高乐股份,5.4,95.8,167.3,60.38,0.9864
688503,聚和材料,6.43,100.0,104.67,65.53,0.9862
300478,杭州高新,4.97,96.7,108.43,61.67,0.9859
2560,通达股份,5.13,95.8,99.38,54.38,0.9858
688257,新锐股份,6.8,100.0,401.8,65.78,0.9855
600353,旭光电子,5.15,100.0,255.17,65.91,0.9852
688390,固德威,6.28,95.8,157.86,60.88,0.9852
688081,兴图新科,6.17,100.0,110.59,65.96,0.9851
2741,光华科技,4.26,95.0,152.8,54.57,0.985
300196,长海股份,5.67,95.0,144.01,59.65,0.985
300936,中英科技,6.5,95.0,249.25,57.52,0.985
301321,翰博高新,6.26,95.0,120.94,56.09,0.985
688106,金宏气体,6.45,95.0,110.54,55.16,0.985
688112,鼎阳科技,5.66,95.0,124.23,52.34,0.985
601,韶能股份,5.05,96.7,97.87,54.5,0.9848
688090,瑞松科技,6.57,95.8,251.59,61.05,0.9848
603533,掌阅科技,4.73,95.8,98.84,55.78,0.9845
301378,通达海,4.9,100.0,96.72,63.03,0.9842
688275,万润新能,6.27,98.3,128.29,64.52,0.9836
301419,阿莱德,5.0,98.3,95.42,54.93,0.9835
688072,拓荆科技,6.45,95.0,143.12,60.58,0.9835
300726,宏达电子,5.26,95.8,114.24,61.84,0.9828
301045,天禄科技,6.03,94.2,142.96,51.91,0.9826
301055,张小泉,5.81,94.2,139.77,58.73,0.9826
301580,爱迪特,5.63,97.5,176.53,63.97,0.9826
600234,科新发展,6.04,94.2,152.16,59.91,0.9826
600522,中天科技,6.12,94.2,243.33,52.51,0.9826
603688,石英股份,5.64,94.2,140.64,54.36,0.9826
2885,京泉华,5.51,95.8,134.67,61.99,0.9824
600118,中国卫星,5.78,94.2,106.95,60.07,0.9824
657,中钨高新,6.89,100.0,296.81,67.31,0.9817
2851,麦格米特,5.84,100.0,134.64,67.43,0.9814
2943,宇晶股份,6.85,95.0,155.15,61.49,0.9813
2980,华盛昌,6.66,96.7,533.62,63.57,0.9812
600396,华电辽能,6.81,99.2,670.88,66.66,0.9809
688677,海泰新光,6.15,94.2,326.78,60.79,0.9806
688433,华曙高科,6.66,100.0,116.86,67.79,0.9805
636,风华高科,5.51,93.3,383.16,55.37,0.9799
2787,华源控股,5.81,93.3,173.81,54.3,0.9799
300661,圣邦股份,5.08,93.3,120.02,50.54,0.9799
301021,英诺激光,6.67,98.3,219.33,65.99,0.9799
301369,联动科技,5.91,93.3,176.19,57.92,0.9799
301500,飞南资源,5.3,93.3,110.1,59.49,0.9799
600539,狮头股份,5.91,93.3,105.28,58.33,0.9799
688200,华峰测控,6.58,93.3,267.93,58.32,0.9799
688669,聚石化学,5.48,93.3,228.73,54.86,0.9799
688300,联瑞新材,6.8,100.0,381.35,68.32,0.9792
688035,德邦科技,6.5,95.0,119.26,62.45,0.9789
688545,兴福电子,6.76,100.0,216.02,68.43,0.9789
300263,隆华科技,4.98,92.5,102.8,56.09,0.9775
300976,达瑞电子,4.38,92.5,148.22,52.09,0.9775
600026,中远海能,5.65,92.5,124.55,52.44,0.9775
600152,维科技术,6.56,92.5,134.53,59.45,0.9775
688432,有研硅,5.32,92.5,117.38,53.01,0.9775
600172,黄河旋风,6.48,100.0,196.85,69.35,0.9766
300051,琏升科技,6.91,93.3,184.34,61.4,0.9764
3018,金富科技,6.93,100.0,341.75,69.55,0.9761
300157,新锦动力,5.22,100.0,123.78,69.57,0.9761
300166,东方国信,6.64,100.0,122.18,69.58,0.976
300277,汽轮科技,5.99,95.8,104.26,64.71,0.9756
300907,康平科技,4.54,92.5,102.33,60.86,0.9754
301313,凡拓数创,5.76,93.3,170.26,61.81,0.9754
603938,三孚股份,6.69,97.5,276.63,66.88,0.9753
301536,星宸科技,4.79,100.0,90.09,51.54,0.9752
2009,天奇股份,5.35,91.7,130.82,52.9,0.9751
300769,德方纳米,5.16,91.7,105.47,56.59,0.9751
300853,申昊科技,5.01,91.7,119.75,51.57,0.9751
600184,光电股份,5.17,91.7,103.19,55.12,0.9751
603619,中曼石油,4.82,91.7,114.04,55.79,0.9751
603989,艾华集团,4.66,91.7,192.07,50.11,0.9751
605117,德业股份,5.11,91.7,108.16,50.12,0.9751
605366,宏柏新材,5.97,91.7,134.6,56.97,0.9751
688371,菲沃泰,6.11,91.7,140.76,53.86,0.9751
2519,银河电子,5.64,92.5,104.46,61.27,0.9743
2361,神剑股份,7.56,100.0,189.47,70.3,0.9742
688693,锴威特,6.7,99.2,284.19,69.37,0.9742
600487,亨通光电,6.52,91.7,405.6,60.72,0.9733
300442,润泽科技,5.79,92.5,107.65,61.95,0.9726
688332,中科蓝讯,4.23,100.0,89.04,55.86,0.9726
2990,盛视科技,5.03,90.8,173.69,53.85,0.9724
300747,锐科激光,5.64,90.8,116.41,55.41,0.9724
603678,火炬电子,4.95,90.8,125.23,53.0,0.9724
603936,博敏电子,5.36,90.8,150.88,58.43,0.9724
688179,阿拉丁,5.62,90.8,116.32,51.24,0.9724
688531,日联科技,5.58,90.8,238.03,58.48,0.9724
603950,长源东谷,6.31,95.0,173.27,65.07,0.9723
600545,卓郎智能,6.61,93.3,221.63,63.19,0.9719
300975,商络电子,6.15,95.8,271.79,66.23,0.9718
300819,聚杰微纤,7.88,100.0,240.18,71.32,0.9717
300063,天龙集团,5.71,95.0,119.95,65.53,0.9712
688307,中润光学,7.19,96.7,203.57,67.57,0.9712
600367,红星发展,5.95,90.8,263.22,60.55,0.971
